ROW_N,COL_N,BLOCK_ROW_N,BLOCK_COL_N,time
512,512,8,8,0.002072
512,512,32,32,0.002007
512,512,128,128,0.002050
