ROW_N_A,COL_N_A,COL_N_B,time
32,256,32,0.000962
128,16,128,0.000966
64,64,64,0.000941
