ROW_N,COL_N,time
16,16384,0.000668
16384,16,0.001109
512,512,0.000758
